{"BestModels_train_loss": 1.5160263180732727, "BestModels_train_accuracy": 0.034676574259312185, "BestModels_train_scores": 0.03324759517543212, "BestModels_valid_loss": 1.4189814567565917, "BestModels_valid_accuracy": 0.08401867081573683, "BestModels_valid_scores": 0.0897524282336235, "_timestamp": 1715266800.546049, "_runtime": 926.1096901893616, "_step": 0, "_wandb": {"runtime": 1470}}